Experiment,File
impedance,05161.csv
impedance,05163.csv
impedance,05165.csv
impedance,05167.csv
impedance,05169.csv
impedance,05171.csv
impedance,05173.csv
impedance,05175.csv
impedance,05177.csv
impedance,05179.csv
impedance,05181.csv
impedance,05183.csv
impedance,05185.csv
impedance,05187.csv
impedance,05189.csv
impedance,05191.csv
impedance,05193.csv
impedance,05195.csv
impedance,05197.csv
impedance,05199.csv
impedance,05201.csv
impedance,05203.csv
impedance,05207.csv
impedance,05209.csv
impedance,05211.csv
impedance,05213.csv
impedance,05215.csv
impedance,05217.csv
impedance,05219.csv
impedance,05221.csv
impedance,05223.csv
impedance,05225.csv
impedance,05227.csv
impedance,05229.csv
impedance,05231.csv
impedance,05233.csv
impedance,05235.csv
impedance,05237.csv
impedance,05239.csv
impedance,05241.csv
impedance,05243.csv
impedance,05245.csv
impedance,05247.csv
impedance,05249.csv
impedance,05251.csv
impedance,05253.csv
impedance,05257.csv
impedance,05259.csv
impedance,05261.csv
impedance,05263.csv
impedance,05265.csv
impedance,05267.csv
impedance,05271.csv
impedance,05273.csv
impedance,05275.csv
impedance,05277.csv
impedance,05279.csv
impedance,05281.csv
impedance,05283.csv
impedance,05285.csv
impedance,05287.csv
impedance,05289.csv
impedance,05291.csv
impedance,05293.csv
impedance,05295.csv
impedance,05297.csv
impedance,05299.csv
impedance,05301.csv
impedance,05303.csv
impedance,05305.csv
impedance,05307.csv
impedance,05309.csv
impedance,05311.csv
impedance,05313.csv
impedance,05315.csv
impedance,05317.csv
impedance,05319.csv
impedance,05321.csv
impedance,05323.csv
impedance,05325.csv
impedance,05327.csv
impedance,05329.csv
impedance,05331.csv
impedance,05333.csv
impedance,05337.csv
impedance,05339.csv
impedance,05341.csv
impedance,05343.csv
impedance,05345.csv
impedance,05347.csv
impedance,05349.csv
impedance,05351.csv
impedance,05353.csv
impedance,05355.csv
impedance,05357.csv
impedance,05359.csv
impedance,05361.csv
impedance,05363.csv
impedance,05365.csv
impedance,05367.csv
impedance,05369.csv
impedance,05371.csv
impedance,05373.csv
impedance,05375.csv
impedance,05377.csv
impedance,05379.csv
impedance,05381.csv
impedance,05383.csv
impedance,05387.csv
impedance,05389.csv
impedance,05391.csv
impedance,05393.csv
impedance,05395.csv
impedance,05397.csv
impedance,05399.csv
impedance,05401.csv
impedance,05403.csv
impedance,05405.csv
impedance,05407.csv
impedance,05409.csv
impedance,05411.csv
impedance,05413.csv
impedance,05415.csv
impedance,05417.csv
impedance,05419.csv
impedance,05421.csv
impedance,05423.csv
impedance,05425.csv
impedance,05427.csv
impedance,05429.csv
impedance,05431.csv
impedance,05432.csv
impedance,05434.csv
impedance,05437.csv
impedance,05439.csv
impedance,05441.csv
impedance,05443.csv
impedance,05445.csv
impedance,05447.csv
impedance,05449.csv
impedance,05451.csv
impedance,05453.csv
impedance,05455.csv
impedance,05457.csv
impedance,05459.csv
impedance,05461.csv
impedance,05463.csv
impedance,05465.csv
impedance,05467.csv
impedance,05469.csv
impedance,05471.csv
impedance,05473.csv
impedance,05475.csv
impedance,05477.csv
impedance,05479.csv
impedance,05481.csv
impedance,05483.csv
impedance,05485.csv
impedance,05488.csv
impedance,05490.csv
impedance,05492.csv
impedance,05494.csv
impedance,05496.csv
impedance,05498.csv
impedance,05500.csv
impedance,05502.csv
impedance,05504.csv
impedance,05506.csv
impedance,05508.csv
impedance,05510.csv
impedance,05512.csv
impedance,05514.csv
impedance,05516.csv
impedance,05518.csv
impedance,05520.csv
impedance,05522.csv
impedance,05524.csv
impedance,05526.csv
impedance,05528.csv
impedance,05530.csv
impedance,05532.csv
impedance,05534.csv
impedance,05536.csv
impedance,05538.csv
impedance,05540.csv
impedance,05542.csv
impedance,05544.csv
impedance,05546.csv
impedance,05548.csv
impedance,05550.csv
impedance,05554.csv
impedance,05556.csv
impedance,05558.csv
impedance,05560.csv
impedance,05562.csv
impedance,05564.csv
impedance,05566.csv
impedance,05568.csv
impedance,05570.csv
impedance,05572.csv
impedance,05574.csv
impedance,05576.csv
impedance,05578.csv
impedance,05580.csv
impedance,05582.csv
impedance,05584.csv
impedance,05586.csv
impedance,05588.csv
impedance,05590.csv
impedance,05592.csv
impedance,05594.csv
impedance,05596.csv
impedance,05598.csv
impedance,05600.csv
impedance,05606.csv
impedance,05608.csv
impedance,05610.csv
impedance,05612.csv
impedance,05614.csv
impedance,05616.csv
impedance,05618.csv
impedance,05620.csv
impedance,05622.csv
impedance,05624.csv
impedance,05626.csv
impedance,05628.csv
impedance,05630.csv
impedance,05632.csv
impedance,05634.csv
impedance,05636.csv
impedance,05638.csv
impedance,05640.csv
impedance,05642.csv
impedance,05644.csv
impedance,05646.csv
impedance,05648.csv
impedance,05650.csv
impedance,05652.csv
impedance,05654.csv
impedance,05656.csv
impedance,05658.csv
impedance,05660.csv
impedance,05662.csv
impedance,05664.csv
impedance,05666.csv
impedance,05669.csv
impedance,05671.csv
impedance,05673.csv
impedance,05675.csv
impedance,05677.csv
impedance,05679.csv
impedance,05681.csv
impedance,05683.csv
impedance,05685.csv
impedance,05687.csv
impedance,05689.csv
impedance,05691.csv
impedance,05693.csv
impedance,05695.csv
impedance,05697.csv
impedance,05699.csv
impedance,05701.csv
impedance,05703.csv
impedance,05705.csv
impedance,05707.csv
impedance,05709.csv
impedance,05711.csv
impedance,05713.csv
impedance,05715.csv
impedance,05717.csv
impedance,05719.csv
impedance,05721.csv
impedance,05723.csv
impedance,05725.csv
impedance,05727.csv
impedance,05729.csv
impedance,05731.csv
impedance,05735.csv
